/*
 Navicat Premium Data Transfer

 Source Server         : mysql-local-server
 Source Server Type    : MySQL
 Source Server Version : 80033
 Source Host           : localhost:3306
 Source Schema         : pos_local

 Target Server Type    : MySQL
 Target Server Version : 80033
 File Encoding         : 65001

 Date: 24/03/2024 11:42:49
*/

SET NAMES utf8mb4;
SET FOREIGN_KEY_CHECKS = 0;

-- ----------------------------
-- Table structure for categories
-- ----------------------------
DROP TABLE IF EXISTS `categories`;
CREATE TABLE `categories`  (
  `id` int(0) NOT NULL AUTO_INCREMENT,
  `name` varchar(255) CHARACTER SET utf8mb4 COLLATE utf8mb4_0900_ai_ci NOT NULL,
  `created_at` timestamp(0) NOT NULL DEFAULT CURRENT_TIMESTAMP(0),
  `updated_at` timestamp(0) NOT NULL DEFAULT CURRENT_TIMESTAMP(0) ON UPDATE CURRENT_TIMESTAMP(0),
  PRIMARY KEY (`id`) USING BTREE
) ENGINE = InnoDB AUTO_INCREMENT = 25 CHARACTER SET = utf8mb4 COLLATE = utf8mb4_0900_ai_ci ROW_FORMAT = Dynamic;

-- ----------------------------
-- Records of categories
-- ----------------------------
INSERT INTO `categories` VALUES (10, 'Juice', '2020-01-22 08:27:59', '2020-02-05 22:31:14');
INSERT INTO `categories` VALUES (17, 'Others', '2020-01-25 08:44:42', '2020-02-05 22:49:35');
INSERT INTO `categories` VALUES (18, 'Coffee', '2020-01-30 01:32:56', '2020-02-05 22:31:27');
INSERT INTO `categories` VALUES (21, 'Mineral Water', '2020-02-05 21:54:33', '2020-02-05 22:48:58');
INSERT INTO `categories` VALUES (23, 'Sensor', '2024-03-11 19:06:36', '2024-03-11 19:06:36');
INSERT INTO `categories` VALUES (24, 'Module', '2024-03-11 19:06:40', '2024-03-11 19:08:22');

-- ----------------------------
-- Table structure for order_details
-- ----------------------------
DROP TABLE IF EXISTS `order_details`;
CREATE TABLE `order_details`  (
  `id` int(0) NOT NULL AUTO_INCREMENT,
  `order_id` int(0) NOT NULL,
  `product_id` int(0) NOT NULL,
  `quantity` int(0) NOT NULL,
  `price` int(0) NOT NULL,
  `subtotal` int(0) NOT NULL,
  `created_at` timestamp(0) NOT NULL DEFAULT CURRENT_TIMESTAMP(0),
  `updated_at` timestamp(0) NOT NULL DEFAULT CURRENT_TIMESTAMP(0) ON UPDATE CURRENT_TIMESTAMP(0),
  PRIMARY KEY (`id`) USING BTREE,
  INDEX `order_details_fk_1`(`order_id`) USING BTREE,
  INDEX `order_details_fk_2`(`product_id`) USING BTREE,
  CONSTRAINT `order_details_ibfk_1` FOREIGN KEY (`order_id`) REFERENCES `orders` (`id`) ON DELETE RESTRICT ON UPDATE RESTRICT,
  CONSTRAINT `order_details_ibfk_2` FOREIGN KEY (`product_id`) REFERENCES `products` (`id`) ON DELETE RESTRICT ON UPDATE RESTRICT
) ENGINE = InnoDB AUTO_INCREMENT = 330 CHARACTER SET = utf8mb4 COLLATE = utf8mb4_0900_ai_ci ROW_FORMAT = Dynamic;

-- ----------------------------
-- Records of order_details
-- ----------------------------
INSERT INTO `order_details` VALUES (158, 152, 34, 1, 2000, 2000, '2020-01-30 08:07:45', '2020-01-30 08:07:45');
INSERT INTO `order_details` VALUES (159, 152, 37, 1, 10000, 10000, '2020-01-30 08:07:45', '2020-01-30 08:07:45');
INSERT INTO `order_details` VALUES (160, 153, 36, 1, 10000, 10000, '2020-01-30 09:53:19', '2020-01-30 09:53:19');
INSERT INTO `order_details` VALUES (161, 154, 35, 1, 2000, 2000, '2020-01-30 11:38:00', '2020-01-30 11:38:00');
INSERT INTO `order_details` VALUES (162, 154, 42, 1, 10000, 10000, '2020-01-30 11:38:00', '2020-01-30 11:38:00');
INSERT INTO `order_details` VALUES (163, 154, 41, 1, 10000, 10000, '2020-01-30 11:38:00', '2020-01-30 11:38:00');
INSERT INTO `order_details` VALUES (164, 158, 34, 5, 2000, 10000, '2020-02-04 12:17:03', '2020-02-04 12:17:03');
INSERT INTO `order_details` VALUES (165, 159, 44, 1, 17000, 17000, '2020-02-04 13:59:13', '2020-02-04 13:59:13');
INSERT INTO `order_details` VALUES (166, 160, 44, 1, 17000, 17000, '2020-02-04 14:00:15', '2020-02-04 14:00:15');
INSERT INTO `order_details` VALUES (167, 161, 44, 5, 17000, 85000, '2020-02-04 14:00:33', '2020-02-04 14:00:33');
INSERT INTO `order_details` VALUES (168, 162, 44, 1, 17000, 17000, '2020-02-04 14:11:51', '2020-02-04 14:11:51');
INSERT INTO `order_details` VALUES (169, 163, 44, 6, 17000, 102000, '2020-02-04 14:13:06', '2020-02-04 14:13:06');
INSERT INTO `order_details` VALUES (170, 164, 44, 1, 17000, 17000, '2020-02-04 14:18:52', '2020-02-04 14:18:52');
INSERT INTO `order_details` VALUES (171, 165, 40, 3, 20000, 60000, '2020-02-04 14:19:53', '2020-02-04 14:19:53');
INSERT INTO `order_details` VALUES (172, 166, 37, 2, 10000, 20000, '2020-02-04 14:20:35', '2020-02-04 14:20:35');
INSERT INTO `order_details` VALUES (173, 167, 44, 1, 17000, 17000, '2020-02-04 14:42:19', '2020-02-04 14:42:19');
INSERT INTO `order_details` VALUES (174, 168, 43, 1, 10000, 10000, '2020-02-04 14:45:38', '2020-02-04 14:45:38');
INSERT INTO `order_details` VALUES (175, 169, 40, 1, 20000, 20000, '2020-02-04 14:46:33', '2020-02-04 14:46:33');
INSERT INTO `order_details` VALUES (177, 171, 37, 1, 10000, 10000, '2020-02-04 14:48:57', '2020-02-04 14:48:57');
INSERT INTO `order_details` VALUES (179, 173, 41, 1, 10000, 10000, '2020-02-04 14:51:53', '2020-02-04 14:51:53');
INSERT INTO `order_details` VALUES (180, 174, 34, 5, 2000, 10000, '2020-02-04 14:52:29', '2020-02-04 14:52:29');
INSERT INTO `order_details` VALUES (181, 175, 44, 1, 17000, 17000, '2020-02-04 14:53:21', '2020-02-04 14:53:21');
INSERT INTO `order_details` VALUES (183, 177, 44, 3, 17000, 51000, '2020-02-04 14:55:30', '2020-02-04 14:55:30');
INSERT INTO `order_details` VALUES (184, 178, 44, 1, 17000, 17000, '2020-02-04 14:55:56', '2020-02-04 14:55:56');
INSERT INTO `order_details` VALUES (185, 179, 43, 1, 10000, 10000, '2020-02-04 14:57:34', '2020-02-04 14:57:34');
INSERT INTO `order_details` VALUES (186, 180, 44, 1, 17000, 17000, '2020-02-04 14:58:08', '2020-02-04 14:58:08');
INSERT INTO `order_details` VALUES (187, 181, 38, 1, 10000, 10000, '2020-02-04 14:59:10', '2020-02-04 14:59:10');
INSERT INTO `order_details` VALUES (188, 182, 41, 1, 10000, 10000, '2020-02-04 14:59:50', '2020-02-04 14:59:50');
INSERT INTO `order_details` VALUES (189, 182, 42, 1, 10000, 10000, '2020-02-04 14:59:50', '2020-02-04 14:59:50');
INSERT INTO `order_details` VALUES (190, 182, 36, 2, 10000, 20000, '2020-02-04 14:59:50', '2020-02-04 14:59:50');
INSERT INTO `order_details` VALUES (191, 182, 37, 2, 10000, 20000, '2020-02-04 14:59:50', '2020-02-04 14:59:50');
INSERT INTO `order_details` VALUES (192, 183, 43, 1, 10000, 10000, '2020-02-04 15:03:00', '2020-02-04 15:03:00');
INSERT INTO `order_details` VALUES (193, 184, 44, 1, 17000, 17000, '2020-02-04 15:08:16', '2020-02-04 15:08:16');
INSERT INTO `order_details` VALUES (194, 185, 46, 1, 9000, 9000, '2020-02-04 15:10:18', '2020-02-04 15:10:18');
INSERT INTO `order_details` VALUES (195, 186, 34, 5, 2000, 10000, '2020-02-04 15:11:30', '2020-02-04 15:11:30');
INSERT INTO `order_details` VALUES (196, 187, 42, 5, 10000, 50000, '2020-02-04 15:14:13', '2020-02-04 15:14:13');
INSERT INTO `order_details` VALUES (197, 188, 44, 1, 17000, 17000, '2020-02-04 15:15:20', '2020-02-04 15:15:20');
INSERT INTO `order_details` VALUES (198, 188, 43, 1, 10000, 10000, '2020-02-04 15:15:20', '2020-02-04 15:15:20');
INSERT INTO `order_details` VALUES (199, 188, 40, 1, 20000, 20000, '2020-02-04 15:15:20', '2020-02-04 15:15:20');
INSERT INTO `order_details` VALUES (200, 188, 37, 1, 10000, 10000, '2020-02-04 15:15:20', '2020-02-04 15:15:20');
INSERT INTO `order_details` VALUES (201, 188, 36, 1, 10000, 10000, '2020-02-04 15:15:20', '2020-02-04 15:15:20');
INSERT INTO `order_details` VALUES (202, 188, 42, 1, 10000, 10000, '2020-02-04 15:15:20', '2020-02-04 15:15:20');
INSERT INTO `order_details` VALUES (203, 188, 41, 1, 10000, 10000, '2020-02-04 15:15:21', '2020-02-04 15:15:21');
INSERT INTO `order_details` VALUES (204, 189, 38, 1, 10000, 10000, '2020-02-04 15:21:10', '2020-02-04 15:21:10');
INSERT INTO `order_details` VALUES (205, 189, 42, 1, 10000, 10000, '2020-02-04 15:21:10', '2020-02-04 15:21:10');
INSERT INTO `order_details` VALUES (206, 189, 41, 1, 10000, 10000, '2020-02-04 15:21:10', '2020-02-04 15:21:10');
INSERT INTO `order_details` VALUES (207, 190, 40, 5, 20000, 100000, '2020-02-04 15:27:33', '2020-02-04 15:27:33');
INSERT INTO `order_details` VALUES (208, 190, 43, 5, 10000, 50000, '2020-02-04 15:27:33', '2020-02-04 15:27:33');
INSERT INTO `order_details` VALUES (209, 190, 44, 5, 17000, 85000, '2020-02-04 15:27:33', '2020-02-04 15:27:33');
INSERT INTO `order_details` VALUES (210, 191, 42, 5, 10000, 50000, '2020-02-04 15:28:09', '2020-02-04 15:28:09');
INSERT INTO `order_details` VALUES (211, 191, 41, 5, 10000, 50000, '2020-02-04 15:28:09', '2020-02-04 15:28:09');
INSERT INTO `order_details` VALUES (212, 192, 43, 2, 10000, 20000, '2020-02-04 15:29:09', '2020-02-04 15:29:09');
INSERT INTO `order_details` VALUES (213, 192, 40, 2, 20000, 40000, '2020-02-04 15:29:09', '2020-02-04 15:29:09');
INSERT INTO `order_details` VALUES (214, 193, 34, 5, 2000, 10000, '2020-02-04 15:32:25', '2020-02-04 15:32:25');
INSERT INTO `order_details` VALUES (215, 194, 42, 5, 10000, 50000, '2020-02-04 15:32:43', '2020-02-04 15:32:43');
INSERT INTO `order_details` VALUES (216, 195, 40, 1, 20000, 20000, '2020-02-04 16:45:56', '2020-02-04 16:45:56');
INSERT INTO `order_details` VALUES (217, 196, 40, 1, 20000, 20000, '2020-02-04 16:46:13', '2020-02-04 16:46:13');
INSERT INTO `order_details` VALUES (218, 196, 43, 1, 10000, 10000, '2020-02-04 16:46:13', '2020-02-04 16:46:13');
INSERT INTO `order_details` VALUES (219, 197, 43, 1, 10000, 10000, '2020-02-04 16:59:18', '2020-02-04 16:59:18');
INSERT INTO `order_details` VALUES (220, 198, 44, 1, 17000, 17000, '2020-02-04 17:03:27', '2020-02-04 17:03:27');
INSERT INTO `order_details` VALUES (221, 199, 38, 5, 10000, 50000, '2020-02-04 17:06:34', '2020-02-04 17:06:34');
INSERT INTO `order_details` VALUES (222, 200, 34, 5, 2000, 10000, '2020-02-04 17:07:38', '2020-02-04 17:07:38');
INSERT INTO `order_details` VALUES (223, 201, 42, 5, 10000, 50000, '2020-02-04 17:09:04', '2020-02-04 17:09:04');
INSERT INTO `order_details` VALUES (224, 202, 37, 5, 10000, 50000, '2020-02-04 17:09:14', '2020-02-04 17:09:14');
INSERT INTO `order_details` VALUES (225, 203, 41, 1, 10000, 10000, '2020-02-04 17:11:01', '2020-02-04 17:11:01');
INSERT INTO `order_details` VALUES (226, 204, 40, 1, 20000, 20000, '2020-02-04 17:11:38', '2020-02-04 17:11:38');
INSERT INTO `order_details` VALUES (227, 204, 37, 1, 10000, 10000, '2020-02-04 17:11:38', '2020-02-04 17:11:38');
INSERT INTO `order_details` VALUES (228, 205, 40, 5, 20000, 100000, '2020-02-04 17:18:22', '2020-02-04 17:18:22');
INSERT INTO `order_details` VALUES (231, 208, 34, 10, 2000, 20000, '2020-02-04 21:58:12', '2020-02-04 21:58:12');
INSERT INTO `order_details` VALUES (232, 209, 37, 2, 10000, 20000, '2020-02-05 00:25:31', '2020-02-05 00:25:31');
INSERT INTO `order_details` VALUES (233, 209, 36, 2, 10000, 20000, '2020-02-05 00:25:32', '2020-02-05 00:25:32');
INSERT INTO `order_details` VALUES (234, 210, 43, 5, 10000, 50000, '2020-02-05 08:23:38', '2020-02-05 08:23:38');
INSERT INTO `order_details` VALUES (235, 211, 43, 5, 10000, 50000, '2020-02-05 11:31:44', '2020-02-05 11:31:44');
INSERT INTO `order_details` VALUES (236, 211, 44, 5, 17000, 85000, '2020-02-05 11:31:44', '2020-02-05 11:31:44');
INSERT INTO `order_details` VALUES (237, 212, 38, 5, 10000, 50000, '2020-02-05 11:32:37', '2020-02-05 11:32:37');
INSERT INTO `order_details` VALUES (238, 213, 37, 5, 10000, 50000, '2020-02-05 11:35:55', '2020-02-05 11:35:55');
INSERT INTO `order_details` VALUES (239, 214, 46, 5, 9000, 45000, '2020-02-05 11:37:19', '2020-02-05 11:37:19');
INSERT INTO `order_details` VALUES (240, 215, 40, 5, 20000, 100000, '2020-02-05 11:38:38', '2020-02-05 11:38:38');
INSERT INTO `order_details` VALUES (241, 216, 37, 5, 10000, 50000, '2020-02-05 11:40:11', '2020-02-05 11:40:11');
INSERT INTO `order_details` VALUES (242, 217, 34, 5, 2000, 10000, '2020-02-05 11:41:55', '2020-02-05 11:41:55');
INSERT INTO `order_details` VALUES (243, 218, 43, 1, 10000, 10000, '2020-02-05 11:42:15', '2020-02-05 11:42:15');
INSERT INTO `order_details` VALUES (244, 218, 44, 1, 17000, 17000, '2020-02-05 11:42:15', '2020-02-05 11:42:15');
INSERT INTO `order_details` VALUES (245, 219, 40, 1, 20000, 20000, '2020-02-05 11:43:52', '2020-02-05 11:43:52');
INSERT INTO `order_details` VALUES (246, 219, 44, 1, 17000, 17000, '2020-02-05 11:43:52', '2020-02-05 11:43:52');
INSERT INTO `order_details` VALUES (247, 220, 44, 1, 17000, 17000, '2020-02-05 11:45:09', '2020-02-05 11:45:09');
INSERT INTO `order_details` VALUES (248, 220, 41, 1, 10000, 10000, '2020-02-05 11:45:09', '2020-02-05 11:45:09');
INSERT INTO `order_details` VALUES (249, 220, 40, 1, 20000, 20000, '2020-02-05 11:45:09', '2020-02-05 11:45:09');
INSERT INTO `order_details` VALUES (250, 221, 37, 1, 10000, 10000, '2020-02-05 11:46:00', '2020-02-05 11:46:00');
INSERT INTO `order_details` VALUES (251, 221, 36, 1, 10000, 10000, '2020-02-05 11:46:00', '2020-02-05 11:46:00');
INSERT INTO `order_details` VALUES (252, 222, 35, 1, 30000, 30000, '2020-02-05 14:49:33', '2020-02-05 14:49:33');
INSERT INTO `order_details` VALUES (253, 222, 44, 1, 17000, 17000, '2020-02-05 14:49:33', '2020-02-05 14:49:33');
INSERT INTO `order_details` VALUES (254, 222, 38, 1, 10000, 10000, '2020-02-05 14:49:33', '2020-02-05 14:49:33');
INSERT INTO `order_details` VALUES (255, 222, 45, 1, 9000, 9000, '2020-02-05 14:49:33', '2020-02-05 14:49:33');
INSERT INTO `order_details` VALUES (256, 222, 48, 1, 1000, 1000, '2020-02-05 14:49:34', '2020-02-05 14:49:34');
INSERT INTO `order_details` VALUES (257, 222, 34, 1, 2000, 2000, '2020-02-05 14:49:34', '2020-02-05 14:49:34');
INSERT INTO `order_details` VALUES (258, 223, 40, 1, 20000, 20000, '2020-02-05 17:49:08', '2020-02-05 17:49:08');
INSERT INTO `order_details` VALUES (259, 224, 59, 1, 5000, 5000, '2020-02-06 07:14:41', '2020-02-06 07:14:41');
INSERT INTO `order_details` VALUES (260, 224, 48, 1, 5000, 5000, '2020-02-06 07:14:41', '2020-02-06 07:14:41');
INSERT INTO `order_details` VALUES (261, 225, 46, 6, 5000, 30000, '2020-02-06 07:16:56', '2020-02-06 07:16:56');
INSERT INTO `order_details` VALUES (262, 225, 57, 6, 5000, 30000, '2020-02-06 07:16:56', '2020-02-06 07:16:56');
INSERT INTO `order_details` VALUES (263, 226, 61, 10, 5000, 50000, '2020-02-06 07:17:35', '2020-02-06 07:17:35');
INSERT INTO `order_details` VALUES (264, 227, 58, 5, 5000, 25000, '2020-02-06 07:18:06', '2020-02-06 07:18:06');
INSERT INTO `order_details` VALUES (265, 227, 56, 5, 5000, 25000, '2020-02-06 07:18:06', '2020-02-06 07:18:06');
INSERT INTO `order_details` VALUES (266, 228, 52, 5, 5000, 25000, '2020-02-06 07:18:52', '2020-02-06 07:18:52');
INSERT INTO `order_details` VALUES (267, 229, 34, 4, 5000, 20000, '2020-02-06 07:30:50', '2020-02-06 07:30:50');
INSERT INTO `order_details` VALUES (268, 229, 48, 1, 5000, 5000, '2020-02-06 07:30:50', '2020-02-06 07:30:50');
INSERT INTO `order_details` VALUES (269, 230, 52, 5, 5000, 25000, '2020-02-06 07:51:13', '2020-02-06 07:51:13');
INSERT INTO `order_details` VALUES (270, 230, 48, 2, 5000, 10000, '2020-02-06 07:51:13', '2020-02-06 07:51:13');
INSERT INTO `order_details` VALUES (271, 230, 46, 2, 5000, 10000, '2020-02-06 07:51:13', '2020-02-06 07:51:13');
INSERT INTO `order_details` VALUES (272, 230, 58, 1, 5000, 5000, '2020-02-06 07:51:13', '2020-02-06 07:51:13');
INSERT INTO `order_details` VALUES (273, 231, 48, 5, 5000, 25000, '2020-02-06 10:44:35', '2020-02-06 10:44:35');
INSERT INTO `order_details` VALUES (274, 231, 61, 2, 10000, 20000, '2020-02-06 10:44:35', '2020-02-06 10:44:35');
INSERT INTO `order_details` VALUES (275, 232, 59, 1, 5000, 5000, '2020-02-06 11:04:26', '2020-02-06 11:04:26');
INSERT INTO `order_details` VALUES (276, 233, 46, 1, 5000, 5000, '2020-02-12 15:29:33', '2020-02-12 15:29:33');
INSERT INTO `order_details` VALUES (277, 233, 57, 1, 5000, 5000, '2020-02-12 15:29:34', '2020-02-12 15:29:34');
INSERT INTO `order_details` VALUES (278, 233, 48, 1, 5000, 5000, '2020-02-12 15:29:34', '2020-02-12 15:29:34');
INSERT INTO `order_details` VALUES (279, 234, 46, 1, 5000, 5000, '2020-02-12 15:56:53', '2020-02-12 15:56:53');
INSERT INTO `order_details` VALUES (280, 234, 57, 1, 5000, 5000, '2020-02-12 15:56:53', '2020-02-12 15:56:53');
INSERT INTO `order_details` VALUES (281, 234, 59, 1, 5000, 5000, '2020-02-12 15:56:53', '2020-02-12 15:56:53');
INSERT INTO `order_details` VALUES (282, 234, 48, 1, 5000, 5000, '2020-02-12 15:56:53', '2020-02-12 15:56:53');
INSERT INTO `order_details` VALUES (283, 235, 34, 2, 5000, 10000, '2020-02-12 15:57:53', '2020-02-12 15:57:53');
INSERT INTO `order_details` VALUES (284, 236, 34, 1, 5000, 5000, '2020-02-12 15:58:54', '2020-02-12 15:58:54');
INSERT INTO `order_details` VALUES (285, 236, 35, 1, 5000, 5000, '2020-02-12 15:58:54', '2020-02-12 15:58:54');
INSERT INTO `order_details` VALUES (286, 237, 35, 1, 5000, 5000, '2020-02-12 16:01:24', '2020-02-12 16:01:24');
INSERT INTO `order_details` VALUES (287, 238, 60, 1, 5000, 5000, '2020-02-12 16:20:09', '2020-02-12 16:20:09');
INSERT INTO `order_details` VALUES (288, 238, 58, 1, 5000, 5000, '2020-02-12 16:20:09', '2020-02-12 16:20:09');
INSERT INTO `order_details` VALUES (289, 239, 45, 1, 5000, 5000, '2020-02-12 16:20:37', '2020-02-12 16:20:37');
INSERT INTO `order_details` VALUES (290, 240, 59, 1, 5000, 5000, '2020-02-12 16:24:29', '2020-02-12 16:24:29');
INSERT INTO `order_details` VALUES (291, 240, 56, 1, 5000, 5000, '2020-02-12 16:24:29', '2020-02-12 16:24:29');
INSERT INTO `order_details` VALUES (292, 241, 48, 1, 5000, 5000, '2020-02-12 17:53:48', '2020-02-12 17:53:48');
INSERT INTO `order_details` VALUES (293, 241, 52, 1, 5000, 5000, '2020-02-12 17:53:48', '2020-02-12 17:53:48');
INSERT INTO `order_details` VALUES (294, 242, 57, 2, 5000, 10000, '2020-02-12 22:09:03', '2020-02-12 22:09:03');
INSERT INTO `order_details` VALUES (295, 243, 57, 1, 5000, 5000, '2020-02-12 22:36:33', '2020-02-12 22:36:33');
INSERT INTO `order_details` VALUES (296, 243, 46, 2, 5000, 10000, '2020-02-12 22:36:33', '2020-02-12 22:36:33');
INSERT INTO `order_details` VALUES (297, 244, 41, 1, 4000, 4000, '2020-02-12 22:38:37', '2020-02-12 22:38:37');
INSERT INTO `order_details` VALUES (298, 245, 57, 1, 5000, 5000, '2020-02-12 23:29:55', '2020-02-12 23:29:55');
INSERT INTO `order_details` VALUES (299, 246, 57, 1, 5000, 5000, '2020-02-12 23:31:10', '2020-02-12 23:31:10');
INSERT INTO `order_details` VALUES (300, 246, 46, 1, 5000, 5000, '2020-02-12 23:31:10', '2020-02-12 23:31:10');
INSERT INTO `order_details` VALUES (301, 247, 57, 1, 5000, 5000, '2020-02-12 23:37:52', '2020-02-12 23:37:52');
INSERT INTO `order_details` VALUES (302, 248, 57, 1, 5000, 5000, '2020-02-12 23:41:25', '2020-02-12 23:41:25');
INSERT INTO `order_details` VALUES (303, 249, 57, 1, 5000, 5000, '2020-02-12 23:43:12', '2020-02-12 23:43:12');
INSERT INTO `order_details` VALUES (304, 249, 46, 1, 5000, 5000, '2020-02-12 23:43:12', '2020-02-12 23:43:12');
INSERT INTO `order_details` VALUES (305, 250, 46, 5, 5000, 25000, '2020-02-12 23:47:51', '2020-02-12 23:47:51');
INSERT INTO `order_details` VALUES (306, 251, 57, 1, 5000, 5000, '2020-02-13 01:26:06', '2020-02-13 01:26:06');
INSERT INTO `order_details` VALUES (307, 251, 48, 1, 5000, 5000, '2020-02-13 01:26:06', '2020-02-13 01:26:06');
INSERT INTO `order_details` VALUES (308, 252, 35, 5, 5000, 25000, '2020-02-13 08:16:50', '2020-02-13 08:16:50');
INSERT INTO `order_details` VALUES (309, 253, 46, 1, 5000, 5000, '2020-02-13 09:02:17', '2020-02-13 09:02:17');
INSERT INTO `order_details` VALUES (310, 253, 57, 1, 5000, 5000, '2020-02-13 09:02:18', '2020-02-13 09:02:18');
INSERT INTO `order_details` VALUES (311, 253, 48, 1, 5000, 5000, '2020-02-13 09:02:18', '2020-02-13 09:02:18');
INSERT INTO `order_details` VALUES (312, 253, 59, 1, 5000, 5000, '2020-02-13 09:02:18', '2020-02-13 09:02:18');
INSERT INTO `order_details` VALUES (313, 253, 52, 1, 5000, 5000, '2020-02-13 09:02:18', '2020-02-13 09:02:18');
INSERT INTO `order_details` VALUES (314, 254, 57, 2, 5000, 10000, '2020-02-13 11:55:57', '2020-02-13 11:55:57');
INSERT INTO `order_details` VALUES (315, 254, 48, 2, 5000, 10000, '2020-02-13 11:55:57', '2020-02-13 11:55:57');
INSERT INTO `order_details` VALUES (316, 255, 46, 5, 5000, 25000, '2020-02-13 12:53:42', '2020-02-13 12:53:42');
INSERT INTO `order_details` VALUES (317, 255, 57, 1, 5000, 5000, '2020-02-13 12:53:42', '2020-02-13 12:53:42');
INSERT INTO `order_details` VALUES (318, 256, 48, 1, 5000, 5000, '2020-02-13 12:54:46', '2020-02-13 12:54:46');
INSERT INTO `order_details` VALUES (319, 257, 34, 5, 5000, 25000, '2020-02-13 14:31:28', '2020-02-13 14:31:28');
INSERT INTO `order_details` VALUES (320, 257, 61, 5, 10000, 50000, '2020-02-13 14:31:28', '2020-02-13 14:31:28');
INSERT INTO `order_details` VALUES (321, 258, 34, 1, 5000, 5000, '2024-03-11 21:03:26', '2024-03-11 21:03:26');
INSERT INTO `order_details` VALUES (322, 258, 35, 2, 5000, 10000, '2024-03-11 21:03:26', '2024-03-11 21:03:26');

-- ----------------------------
-- Table structure for orders
-- ----------------------------
DROP TABLE IF EXISTS `orders`;
CREATE TABLE `orders`  (
  `id` int(0) NOT NULL AUTO_INCREMENT,
  `reference` varchar(255) CHARACTER SET utf8mb4 COLLATE utf8mb4_0900_ai_ci NOT NULL,
  `user_id` int(0) NOT NULL,
  `total` int(0) NOT NULL DEFAULT 0,
  `created_at` timestamp(0) NOT NULL DEFAULT CURRENT_TIMESTAMP(0),
  `updated_at` timestamp(0) NOT NULL DEFAULT CURRENT_TIMESTAMP(0) ON UPDATE CURRENT_TIMESTAMP(0),
  PRIMARY KEY (`id`) USING BTREE,
  INDEX `orders_fk_1`(`user_id`) USING BTREE,
  CONSTRAINT `orders_ibfk_1` FOREIGN KEY (`user_id`) REFERENCES `users` (`id`) ON DELETE RESTRICT ON UPDATE RESTRICT
) ENGINE = InnoDB AUTO_INCREMENT = 262 CHARACTER SET = utf8mb4 COLLATE = utf8mb4_0900_ai_ci ROW_FORMAT = Dynamic;

-- ----------------------------
-- Records of orders
-- ----------------------------
INSERT INTO `orders` VALUES (152, '54662982', 9, 12000, '2020-01-30 08:07:43', '2020-01-30 08:07:45');
INSERT INTO `orders` VALUES (153, '41122242', 9, 10000, '2020-01-30 09:53:18', '2020-01-30 09:53:20');
INSERT INTO `orders` VALUES (154, '95247486', 7, 22000, '2020-01-30 11:38:00', '2020-01-30 11:38:00');
INSERT INTO `orders` VALUES (158, '48053022', 1, 10000, '2020-02-01 12:17:03', '2020-02-05 00:41:59');
INSERT INTO `orders` VALUES (159, '37250761', 9, 17000, '2020-02-01 13:59:12', '2020-02-05 00:41:59');
INSERT INTO `orders` VALUES (160, '85917101', 9, 17000, '2020-02-01 14:00:15', '2020-02-05 00:41:59');
INSERT INTO `orders` VALUES (161, '76961919', 9, 85000, '2020-02-01 14:00:33', '2020-02-05 00:41:59');
INSERT INTO `orders` VALUES (162, '68645924', 9, 17000, '2020-02-04 14:11:51', '2020-02-04 14:11:51');
INSERT INTO `orders` VALUES (163, '77511740', 9, 102000, '2020-02-04 14:13:05', '2020-02-04 14:13:06');
INSERT INTO `orders` VALUES (164, '42517634', 9, 17000, '2020-02-04 14:18:51', '2020-02-04 14:18:52');
INSERT INTO `orders` VALUES (165, '07290953', 9, 60000, '2020-02-04 14:19:53', '2020-02-04 14:19:54');
INSERT INTO `orders` VALUES (166, '80423339', 9, 20000, '2020-02-04 14:20:35', '2020-02-04 14:20:35');
INSERT INTO `orders` VALUES (167, '87689637', 9, 17000, '2020-02-04 14:42:19', '2020-02-04 14:42:19');
INSERT INTO `orders` VALUES (168, '46653806', 9, 10000, '2020-02-04 14:45:38', '2020-02-04 14:45:38');
INSERT INTO `orders` VALUES (169, '44276122', 9, 20000, '2020-02-04 14:46:33', '2020-02-04 14:46:33');
INSERT INTO `orders` VALUES (171, '57808717', 9, 10000, '2020-02-04 14:48:57', '2020-02-04 14:48:57');
INSERT INTO `orders` VALUES (173, '19285336', 9, 10000, '2020-02-04 14:51:53', '2020-02-04 14:51:53');
INSERT INTO `orders` VALUES (174, '56891112', 9, 10000, '2020-02-04 14:52:28', '2020-02-04 14:52:29');
INSERT INTO `orders` VALUES (175, '55804015', 9, 17000, '2020-02-04 14:53:21', '2020-02-04 14:53:21');
INSERT INTO `orders` VALUES (177, '17826233', 9, 51000, '2020-02-04 14:55:30', '2020-02-05 00:43:07');
INSERT INTO `orders` VALUES (178, '13292321', 9, 17000, '2020-02-04 14:55:56', '2020-02-05 00:43:07');
INSERT INTO `orders` VALUES (179, '95838004', 9, 10000, '2020-02-04 14:57:34', '2020-02-05 00:43:07');
INSERT INTO `orders` VALUES (180, '42587896', 9, 17000, '2020-02-04 14:58:08', '2020-02-05 00:43:07');
INSERT INTO `orders` VALUES (181, '52913209', 9, 10000, '2020-02-04 14:59:10', '2020-02-05 00:43:07');
INSERT INTO `orders` VALUES (182, '31255765', 9, 60000, '2020-02-04 14:59:50', '2020-02-05 00:43:07');
INSERT INTO `orders` VALUES (183, '30005926', 9, 10000, '2020-02-04 15:03:00', '2020-02-04 15:03:00');
INSERT INTO `orders` VALUES (184, '08557653', 9, 17000, '2020-02-04 15:08:16', '2020-02-04 15:08:16');
INSERT INTO `orders` VALUES (185, '91054075', 9, 9000, '2020-02-04 15:10:18', '2020-02-04 15:10:18');
INSERT INTO `orders` VALUES (186, '69372473', 9, 10000, '2020-02-04 15:11:30', '2020-02-04 15:11:31');
INSERT INTO `orders` VALUES (187, '94550906', 9, 50000, '2020-02-04 15:14:13', '2020-02-04 15:14:13');
INSERT INTO `orders` VALUES (188, '70709969', 9, 87000, '2020-02-02 15:15:19', '2020-02-05 00:21:09');
INSERT INTO `orders` VALUES (189, '63724081', 9, 30000, '2020-02-02 15:21:10', '2020-02-05 00:21:09');
INSERT INTO `orders` VALUES (190, '37508676', 9, 235000, '2020-02-02 15:27:33', '2020-02-05 00:21:09');
INSERT INTO `orders` VALUES (191, '07707880', 9, 100000, '2020-02-02 15:28:09', '2020-02-05 00:21:09');
INSERT INTO `orders` VALUES (192, '62573803', 9, 60000, '2020-02-02 15:29:09', '2020-02-05 00:21:09');
INSERT INTO `orders` VALUES (193, '29904290', 9, 10000, '2020-02-04 15:32:25', '2020-02-04 15:32:25');
INSERT INTO `orders` VALUES (194, '35102113', 9, 50000, '2020-02-03 15:32:43', '2020-02-05 00:22:10');
INSERT INTO `orders` VALUES (195, '06642719', 9, 20000, '2020-02-03 16:45:56', '2020-02-05 00:22:09');
INSERT INTO `orders` VALUES (196, '61002712', 9, 30000, '2020-02-03 16:46:13', '2020-02-05 00:22:09');
INSERT INTO `orders` VALUES (197, '40176380', 9, 10000, '2020-02-03 16:59:18', '2020-02-05 00:22:09');
INSERT INTO `orders` VALUES (198, '33927507', 9, 17000, '2020-02-03 17:03:27', '2020-02-05 00:20:06');
INSERT INTO `orders` VALUES (199, '80644051', 9, 50000, '2020-02-03 17:06:33', '2020-02-05 00:22:09');
INSERT INTO `orders` VALUES (200, '66035546', 9, 10000, '2020-02-04 17:07:38', '2020-02-04 17:07:39');
INSERT INTO `orders` VALUES (201, '12898926', 9, 50000, '2020-02-04 17:09:04', '2020-02-04 17:09:04');
INSERT INTO `orders` VALUES (202, '20287265', 9, 50000, '2020-02-04 17:09:14', '2020-02-04 17:09:14');
INSERT INTO `orders` VALUES (203, '58586627', 9, 10000, '2020-02-04 17:11:01', '2020-02-04 17:11:01');
INSERT INTO `orders` VALUES (204, '08530042', 9, 30000, '2020-02-04 17:11:38', '2020-02-04 17:11:38');
INSERT INTO `orders` VALUES (205, '08853830', 9, 100000, '2020-02-04 17:18:22', '2020-02-04 17:18:22');
INSERT INTO `orders` VALUES (208, '50211985', 1, 20000, '2020-02-04 21:58:11', '2020-02-04 21:58:12');
INSERT INTO `orders` VALUES (209, '11534050', 9, 40000, '2020-02-05 00:25:31', '2020-02-05 00:25:32');
INSERT INTO `orders` VALUES (210, '87277238', 9, 50000, '2020-02-05 08:23:38', '2020-02-05 08:23:38');
INSERT INTO `orders` VALUES (211, '17700221', 9, 135000, '2020-02-05 11:31:43', '2020-02-05 11:31:45');
INSERT INTO `orders` VALUES (212, '26435316', 9, 50000, '2020-02-05 11:32:37', '2020-02-05 11:32:37');
INSERT INTO `orders` VALUES (213, '23572790', 9, 50000, '2020-02-05 11:35:55', '2020-02-05 11:35:55');
INSERT INTO `orders` VALUES (214, '50089361', 9, 45000, '2020-02-05 11:37:19', '2020-02-05 11:37:19');
INSERT INTO `orders` VALUES (215, '83620101', 9, 100000, '2020-02-05 11:38:38', '2020-02-05 11:38:38');
INSERT INTO `orders` VALUES (216, '28417230', 9, 50000, '2020-02-05 11:40:10', '2020-02-05 11:40:11');
INSERT INTO `orders` VALUES (217, '68862447', 9, 10000, '2020-02-05 11:41:55', '2020-02-05 11:41:55');
INSERT INTO `orders` VALUES (218, '30810098', 9, 27000, '2020-02-05 11:42:15', '2020-02-05 11:42:16');
INSERT INTO `orders` VALUES (219, '10516040', 9, 37000, '2020-02-05 11:43:52', '2020-02-05 11:43:52');
INSERT INTO `orders` VALUES (220, '46627777', 9, 47000, '2020-02-05 11:45:09', '2020-02-05 11:45:09');
INSERT INTO `orders` VALUES (221, '89385008', 9, 20000, '2020-02-05 11:46:00', '2020-02-05 11:46:00');
INSERT INTO `orders` VALUES (222, '91485020', 9, 69000, '2020-02-05 14:49:31', '2020-02-05 14:49:34');
INSERT INTO `orders` VALUES (223, '76952896', 7, 20000, '2020-02-05 17:49:08', '2020-02-05 17:49:09');
INSERT INTO `orders` VALUES (224, '46689145', 11, 10000, '2020-02-06 07:14:40', '2020-02-06 07:14:41');
INSERT INTO `orders` VALUES (225, '54302323', 11, 60000, '2020-02-06 07:16:56', '2020-02-06 07:16:56');
INSERT INTO `orders` VALUES (226, '42195048', 11, 50000, '2020-02-06 07:17:35', '2020-02-06 07:17:36');
INSERT INTO `orders` VALUES (227, '23291477', 11, 50000, '2020-02-06 07:18:06', '2020-02-06 07:18:06');
INSERT INTO `orders` VALUES (228, '05286345', 9, 25000, '2020-02-06 07:18:52', '2020-02-06 07:18:52');
INSERT INTO `orders` VALUES (229, '99265317', 9, 25000, '2020-02-06 07:30:49', '2020-02-06 07:30:50');
INSERT INTO `orders` VALUES (230, '69187748', 1, 50000, '2020-02-06 07:51:13', '2020-02-06 07:51:13');
INSERT INTO `orders` VALUES (231, '80448898', 9, 45000, '2020-02-06 10:44:35', '2020-02-06 10:44:35');
INSERT INTO `orders` VALUES (232, '67949788', 1, 5000, '2020-02-06 11:04:26', '2020-02-06 11:04:26');
INSERT INTO `orders` VALUES (233, '88417648', 13, 15000, '2020-02-12 15:29:33', '2020-02-12 15:29:34');
INSERT INTO `orders` VALUES (234, '57104056', 13, 20000, '2020-02-12 15:56:53', '2020-02-12 15:56:53');
INSERT INTO `orders` VALUES (235, '39337501', 13, 10000, '2020-02-12 15:57:53', '2020-02-12 15:57:53');
INSERT INTO `orders` VALUES (236, '92557007', 13, 10000, '2020-02-12 15:58:54', '2020-02-12 15:58:54');
INSERT INTO `orders` VALUES (237, '13823267', 13, 5000, '2020-02-12 16:01:24', '2020-02-12 16:01:24');
INSERT INTO `orders` VALUES (238, '08611282', 13, 10000, '2020-02-12 16:20:09', '2020-02-12 16:20:09');
INSERT INTO `orders` VALUES (239, '65294876', 13, 5000, '2020-02-12 16:20:37', '2020-02-12 16:20:37');
INSERT INTO `orders` VALUES (240, '64004699', 13, 10000, '2020-02-12 16:24:29', '2020-02-12 16:24:29');
INSERT INTO `orders` VALUES (241, '57694322', 13, 10000, '2020-02-12 17:53:48', '2020-02-12 17:53:48');
INSERT INTO `orders` VALUES (242, '79911575', 13, 10000, '2020-02-12 22:09:02', '2020-02-12 22:09:03');
INSERT INTO `orders` VALUES (243, '15934125', 14, 15000, '2020-02-12 22:36:33', '2020-02-12 22:36:33');
INSERT INTO `orders` VALUES (244, '29744521', 14, 4000, '2020-02-12 22:38:37', '2020-02-12 22:38:37');
INSERT INTO `orders` VALUES (245, '13727870', 14, 5000, '2020-02-12 23:29:54', '2020-02-12 23:29:55');
INSERT INTO `orders` VALUES (246, '41958078', 14, 10000, '2020-02-12 23:31:10', '2020-02-12 23:31:10');
INSERT INTO `orders` VALUES (247, '70455218', 14, 5000, '2020-02-12 23:37:51', '2020-02-12 23:37:52');
INSERT INTO `orders` VALUES (248, '64778916', 14, 5000, '2020-02-12 23:41:25', '2020-02-12 23:41:25');
INSERT INTO `orders` VALUES (249, '45601568', 14, 10000, '2020-02-12 23:43:12', '2020-02-12 23:43:12');
INSERT INTO `orders` VALUES (250, '80973164', 14, 25000, '2020-02-12 23:47:51', '2020-02-12 23:47:51');
INSERT INTO `orders` VALUES (251, '72720393', 13, 10000, '2020-02-13 01:26:05', '2020-02-13 01:26:06');
INSERT INTO `orders` VALUES (252, '55910682', 14, 25000, '2020-02-13 08:16:49', '2020-02-13 08:16:51');
INSERT INTO `orders` VALUES (253, '44367530', 14, 25000, '2020-02-13 09:02:17', '2020-02-13 09:02:18');
INSERT INTO `orders` VALUES (254, '06854138', 21, 20000, '2020-02-13 11:55:57', '2020-02-13 11:55:57');
INSERT INTO `orders` VALUES (255, '25187619', 14, 30000, '2020-02-13 12:53:42', '2020-02-13 12:53:42');
INSERT INTO `orders` VALUES (256, '15897141', 14, 5000, '2020-02-13 12:54:45', '2020-02-13 12:54:46');
INSERT INTO `orders` VALUES (257, '36720954', 22, 75000, '2020-02-13 14:31:28', '2020-02-13 14:31:28');
INSERT INTO `orders` VALUES (258, '85963480', 1, 15000, '2024-03-11 21:03:26', '2024-03-11 21:03:26');

-- ----------------------------
-- Table structure for outlets
-- ----------------------------
DROP TABLE IF EXISTS `outlets`;
CREATE TABLE `outlets`  (
  `id` int(0) NOT NULL AUTO_INCREMENT,
  `otl_no_handphone` varchar(25) CHARACTER SET utf8mb4 COLLATE utf8mb4_0900_ai_ci NULL DEFAULT NULL,
  `otl_password` varchar(255) CHARACTER SET utf8mb4 COLLATE utf8mb4_0900_ai_ci NULL DEFAULT NULL,
  `otl_nama` varchar(50) CHARACTER SET utf8mb4 COLLATE utf8mb4_0900_ai_ci NULL DEFAULT NULL,
  `otl_nama_rpk` varchar(50) CHARACTER SET utf8mb4 COLLATE utf8mb4_0900_ai_ci NULL DEFAULT NULL,
  `otl_email` varchar(50) CHARACTER SET utf8mb4 COLLATE utf8mb4_0900_ai_ci NULL DEFAULT NULL,
  `otl_no_ktp` varchar(50) CHARACTER SET utf8mb4 COLLATE utf8mb4_0900_ai_ci NULL DEFAULT NULL,
  `otl_file_ktp` varchar(255) CHARACTER SET utf8mb4 COLLATE utf8mb4_0900_ai_ci NULL DEFAULT NULL,
  `otl_jalan_1` varchar(255) CHARACTER SET utf8mb4 COLLATE utf8mb4_0900_ai_ci NULL DEFAULT NULL,
  `otl_jalan_2` varchar(255) CHARACTER SET utf8mb4 COLLATE utf8mb4_0900_ai_ci NULL DEFAULT NULL,
  `otl_blok_rumah` varchar(50) CHARACTER SET utf8mb4 COLLATE utf8mb4_0900_ai_ci NULL DEFAULT NULL,
  `otl_no_rumah` varchar(50) CHARACTER SET utf8mb4 COLLATE utf8mb4_0900_ai_ci NULL DEFAULT NULL,
  `otl_rt` varchar(10) CHARACTER SET utf8mb4 COLLATE utf8mb4_0900_ai_ci NULL DEFAULT NULL,
  `otl_rw` varchar(10) CHARACTER SET utf8mb4 COLLATE utf8mb4_0900_ai_ci NULL DEFAULT NULL,
  `otl_provinsi` varchar(50) CHARACTER SET utf8mb4 COLLATE utf8mb4_0900_ai_ci NULL DEFAULT NULL,
  `otl_kota` varchar(50) CHARACTER SET utf8mb4 COLLATE utf8mb4_0900_ai_ci NULL DEFAULT NULL,
  `otl_kecamatan` varchar(50) CHARACTER SET utf8mb4 COLLATE utf8mb4_0900_ai_ci NULL DEFAULT NULL,
  `otl_negara` varchar(50) CHARACTER SET utf8mb4 COLLATE utf8mb4_0900_ai_ci NULL DEFAULT NULL,
  `otl_kode_pos` varchar(10) CHARACTER SET utf8mb4 COLLATE utf8mb4_0900_ai_ci NULL DEFAULT NULL,
  `modify_time` timestamp(0) NULL DEFAULT NULL ON UPDATE CURRENT_TIMESTAMP(0),
  `create_time` timestamp(0) NULL DEFAULT CURRENT_TIMESTAMP(0),
  PRIMARY KEY (`id`) USING BTREE
) ENGINE = InnoDB AUTO_INCREMENT = 9 CHARACTER SET = utf8mb4 COLLATE = utf8mb4_0900_ai_ci ROW_FORMAT = Dynamic;

-- ----------------------------
-- Records of outlets
-- ----------------------------
INSERT INTO `outlets` VALUES (2, '086552212521', NULL, 'Anwar', 'WARUNG_OKE', 'agus@gmail.com', '606020255152454', 'warung_mawar.jpg', 'Jalan Mawar', 'Jalan Raya Mawar I', '2', '1', '001', '002', 'Jawa Barat', 'Depok', 'Beji', 'Indonesia', '12543', '2024-03-12 15:51:28', '2024-03-12 14:23:21');
INSERT INTO `outlets` VALUES (3, '08655234233', NULL, 'Bimo', 'Grosir Sembako Langgeng', 'anwar@gmail.com', '606020255152454', 'http://localhost:3001/warung_jambu.jpg', 'Jalan Jambu', 'Jalan Jambu Raya 5', '2', '1', '003', '006', 'Jawa Barat', 'Depok', 'Beji', 'Indonesia', '12543', '2024-03-12 15:51:34', '2024-03-12 14:57:01');
INSERT INTO `outlets` VALUES (7, '08655234233', '$2b$10$VFv.6lF8Tk/AZtDEPza0XO7VDe/hWcopbuhv7641smRnTYMj9H3ZO', 'Zidan', 'Grosir Sembako Langgeng', 'anwar@gmail.com', '606020255152454', 'http://localhost:3001/warung_jambu.jpg', 'Jalan Jambu', 'Jalan Jambu Raya 5', '2', '1', '003', '006', 'Jawa Barat', 'Depok', 'Beji', 'Indonesia', '12543', '2024-03-12 15:51:40', '2024-03-12 15:04:27');

-- ----------------------------
-- Table structure for products
-- ----------------------------
DROP TABLE IF EXISTS `products`;
CREATE TABLE `products`  (
  `id` int(0) NOT NULL AUTO_INCREMENT,
  `name` varchar(255) CHARACTER SET utf8mb4 COLLATE utf8mb4_0900_ai_ci NOT NULL,
  `price` int(0) NOT NULL,
  `category_id` int(0) NOT NULL,
  `description` text CHARACTER SET utf8mb4 COLLATE utf8mb4_0900_ai_ci NOT NULL,
  `image` varchar(255) CHARACTER SET utf8mb4 COLLATE utf8mb4_0900_ai_ci NOT NULL,
  `created_at` timestamp(0) NOT NULL DEFAULT CURRENT_TIMESTAMP(0),
  `updated_at` timestamp(0) NOT NULL DEFAULT CURRENT_TIMESTAMP(0) ON UPDATE CURRENT_TIMESTAMP(0),
  PRIMARY KEY (`id`) USING BTREE,
  INDEX `products_fk_1`(`category_id`) USING BTREE,
  CONSTRAINT `products_ibfk_1` FOREIGN KEY (`category_id`) REFERENCES `categories` (`id`) ON DELETE RESTRICT ON UPDATE RESTRICT
) ENGINE = InnoDB AUTO_INCREMENT = 82 CHARACTER SET = utf8mb4 COLLATE = utf8mb4_0900_ai_ci ROW_FORMAT = Dynamic;

-- ----------------------------
-- Records of products
-- ----------------------------
INSERT INTO `products` VALUES (34, 'Grape Juice', 5000, 10, '', 'public/images/image-1580916205612.jpg', '2020-01-30 05:41:58', '2020-02-05 22:23:25');
INSERT INTO `products` VALUES (35, 'Guava Juice Ice', 5000, 10, '', 'public/images/image-1580916536458.png', '2020-01-30 06:09:57', '2024-03-10 11:50:15');
INSERT INTO `products` VALUES (36, 'Le Minerale 1.5 Liter', 5000, 21, '', 'public/images/image-1580339834214.jpg', '2020-01-30 06:17:14', '2020-02-05 21:56:15');
INSERT INTO `products` VALUES (37, 'Le Minerale 600 ml', 2500, 21, '', 'public/images/image-1580658454278.jpg', '2020-01-30 06:17:59', '2020-02-05 21:56:37');
INSERT INTO `products` VALUES (38, 'Torabika Duo', 4000, 18, '', 'public/images/image-1580339979680.jpg', '2020-01-30 06:19:39', '2020-02-05 22:06:06');
INSERT INTO `products` VALUES (40, 'Good Day Chococinno', 4000, 18, '', 'public/images/image-1580659904759.jpg', '2020-01-30 06:23:50', '2020-02-06 09:05:42');
INSERT INTO `products` VALUES (41, 'Kopi Luwak', 4000, 18, '', 'public/images/image-1580340384504.jpg', '2020-01-30 06:26:24', '2020-02-05 22:06:25');
INSERT INTO `products` VALUES (42, 'Kopi Luwak White Coffee', 4000, 18, '', 'public/images/image-1580340444731.jpg', '2020-01-30 06:27:24', '2020-02-05 22:05:35');
INSERT INTO `products` VALUES (43, 'Good Day Capuccinno', 4000, 18, '10 pcs', 'public/images/image-1580659854545.jpg', '2020-01-30 06:50:45', '2020-02-05 22:02:38');
INSERT INTO `products` VALUES (44, 'Energen Sereal', 3000, 17, '', 'public/images/image-1580646440435.jpeg', '2020-02-02 18:12:23', '2020-02-05 22:49:52');
INSERT INTO `products` VALUES (45, 'Pineapple Juice', 5000, 10, '', 'public/images/image-1580916663786.jpg', '2020-02-03 07:38:14', '2020-02-05 22:31:03');
INSERT INTO `products` VALUES (46, 'Avocado Juice', 5000, 10, '', 'public/images/image-1580916827162.jpeg', '2020-02-03 07:39:47', '2020-02-05 22:33:59');
INSERT INTO `products` VALUES (48, 'Banana Juice', 5000, 10, '', 'public/images/image-1580916908010.jpg', '2020-02-03 08:29:16', '2020-02-05 22:35:08');
INSERT INTO `products` VALUES (52, 'Durian Juice', 5000, 10, '', 'public/images/image-1580917105504.jpg', '2020-02-05 18:14:19', '2020-02-05 22:38:25');
INSERT INTO `products` VALUES (54, 'Pitaya Juice', 5000, 10, '', 'public/images/image-1580917214476.jpg', '2020-02-05 18:16:02', '2020-02-05 22:40:14');
INSERT INTO `products` VALUES (55, 'Orange Juice', 5000, 10, '', 'public/images/image-1580912667630.jpg', '2020-02-05 21:16:56', '2020-02-05 21:24:27');
INSERT INTO `products` VALUES (56, 'Mango Juice', 5000, 10, '', 'public/images/image-1580913648820.jpg', '2020-02-05 21:40:48', '2020-02-05 21:40:48');
INSERT INTO `products` VALUES (57, 'Apple Juice', 5000, 10, '', 'public/images/image-1580913767360.jpg', '2020-02-05 21:42:47', '2020-02-05 21:42:47');
INSERT INTO `products` VALUES (58, 'Strawberry Juice', 5000, 10, '', 'public/images/image-1580914038389.jpg', '2020-02-05 21:47:18', '2020-02-05 21:47:18');
INSERT INTO `products` VALUES (59, 'Carrot Juice', 5000, 10, '', 'public/images/image-1580917374966.jpg', '2020-02-05 22:42:54', '2020-02-05 22:42:54');
INSERT INTO `products` VALUES (60, 'Tomato Juice', 5000, 10, '', 'public/images/image-1580917477393.jpg', '2020-02-05 22:44:37', '2020-02-05 22:44:37');
INSERT INTO `products` VALUES (61, 'Fresh Milk', 10000, 17, '', 'public/images/image-1580917655214.jpg', '2020-02-05 22:47:35', '2020-02-06 09:04:19');

-- ----------------------------
-- Table structure for roles
-- ----------------------------
DROP TABLE IF EXISTS `roles`;
CREATE TABLE `roles`  (
  `id` int(0) NOT NULL AUTO_INCREMENT,
  `name` varchar(255) CHARACTER SET utf8mb4 COLLATE utf8mb4_0900_ai_ci NOT NULL,
  `created_at` timestamp(0) NOT NULL DEFAULT CURRENT_TIMESTAMP(0),
  `updated_at` timestamp(0) NOT NULL DEFAULT CURRENT_TIMESTAMP(0) ON UPDATE CURRENT_TIMESTAMP(0),
  PRIMARY KEY (`id`) USING BTREE
) ENGINE = InnoDB AUTO_INCREMENT = 3 CHARACTER SET = utf8mb4 COLLATE = utf8mb4_0900_ai_ci ROW_FORMAT = Dynamic;

-- ----------------------------
-- Records of roles
-- ----------------------------
INSERT INTO `roles` VALUES (1, 'Administrator', '2020-02-04 08:42:03', '2020-02-04 08:42:03');
INSERT INTO `roles` VALUES (2, 'Cashier', '2020-02-04 08:42:03', '2020-02-04 08:42:03');
INSERT INTO `roles` VALUES (3, 'User', '2020-02-12 18:18:14', '2020-02-12 18:18:14');

-- ----------------------------
-- Table structure for users
-- ----------------------------
DROP TABLE IF EXISTS `users`;
CREATE TABLE `users`  (
  `id` int(0) NOT NULL AUTO_INCREMENT,
  `username` varchar(255) CHARACTER SET utf8mb4 COLLATE utf8mb4_0900_ai_ci NOT NULL,
  `password` varchar(255) CHARACTER SET utf8mb4 COLLATE utf8mb4_0900_ai_ci NOT NULL,
  `email` varchar(255) CHARACTER SET utf8mb4 COLLATE utf8mb4_0900_ai_ci NOT NULL,
  `name` varchar(255) CHARACTER SET utf8mb4 COLLATE utf8mb4_0900_ai_ci NOT NULL,
  `image` varchar(255) CHARACTER SET utf8mb4 COLLATE utf8mb4_0900_ai_ci NOT NULL,
  `role_id` int(0) NOT NULL,
  `created_at` timestamp(0) NOT NULL DEFAULT CURRENT_TIMESTAMP(0),
  `updated_at` timestamp(0) NOT NULL DEFAULT CURRENT_TIMESTAMP(0) ON UPDATE CURRENT_TIMESTAMP(0),
  PRIMARY KEY (`id`) USING BTREE,
  INDEX `users_fk_1`(`role_id`) USING BTREE,
  CONSTRAINT `users_ibfk_1` FOREIGN KEY (`role_id`) REFERENCES `roles` (`id`) ON DELETE RESTRICT ON UPDATE RESTRICT
) ENGINE = InnoDB AUTO_INCREMENT = 24 CHARACTER SET = utf8mb4 COLLATE = utf8mb4_0900_ai_ci ROW_FORMAT = Dynamic;

-- ----------------------------
-- Records of users
-- ----------------------------
INSERT INTO `users` VALUES (1, 'admin', '$2b$10$TsETXXtw6KVjaZIMJb68T.MbNDlJwR1EG0V7uFyW7CUIjKmcc4ArO', 'admin@email.com', 'Admin', '', 1, '2020-01-21 06:47:38', '2020-02-06 07:16:05');
INSERT INTO `users` VALUES (6, 'admin6', '$2b$10$MuRfFnjbVXaI/IztsKXO9OrBZ5wL7Bi.aK.EBsw/ed/TYAeeB9zl2', 'admin6@email.com', 'Admin 6', '', 1, '2020-01-25 00:15:26', '2020-01-25 00:15:26');
INSERT INTO `users` VALUES (7, 'sadminot', '$2b$10$vi07Tk2cX1B0PAVUCvRc4.6SqRtt.NUvh/cT/akmrU2P3EfPCAxle', 'sadminot@email.com', 'Sadminot', 'public/images/image-1581478828637.jpg', 1, '2020-01-25 00:27:21', '2020-02-12 10:40:28');
INSERT INTO `users` VALUES (9, 'cashier01', '$2b$10$j6NM6ts4OyEmyXnemkPizeiA/Rkv3w28AcBfhdTsUjiPcFhJMJdqO', 'cashier01@email.com', 'Cashier 01', '', 2, '2020-01-29 22:08:58', '2020-02-04 11:39:26');
INSERT INTO `users` VALUES (10, 'cashier03', '$2b$10$qSnWKvScXq135/RJqSOlKeGkgkHTo1Xv53IZUMyi0K/tgUsdTcZM.', 'cashier03@email.com', 'Cashier 03', '', 2, '2020-02-04 07:15:26', '2020-02-06 07:55:13');
INSERT INTO `users` VALUES (11, 'cashier02', '$2b$10$bMQgyOtyiFW4hs2Z7Tbm5.zZM9.UteGPP6Eq6sQ9UJOw7JV6czota', 'cashier02@email.com', 'Cashier 02', '', 2, '2020-02-04 11:46:03', '2020-02-04 11:46:03');
INSERT INTO `users` VALUES (13, 'dadmin', '$2b$10$iJXM456trPeLFUUvDRkwpOeRy5CQnPZJTnYUVyV0wDbjJUvNMttEy', 'dadmin@email.com', 'Dadmin', 'public/images/image-1581500816086.jpg', 1, '2020-02-11 15:26:17', '2020-02-12 17:53:12');
INSERT INTO `users` VALUES (14, 'user01', '$2b$10$yKyeXj8ZPorXP6PCL0KOyOc4t9Ce5OPF71GD3Np/vnsdXlfEXOaa.', 'user01@email.com', 'user01', 'public/images/image-1581573173077.jpg', 3, '2020-02-12 21:03:48', '2020-02-13 12:52:53');
INSERT INTO `users` VALUES (15, 'user02', '$2b$10$WO4ik9k6yvmia08tW6rQgerusKZ/7of1ZVp/Ci.3ShNs6BB7KK6/C', 'user02@email.com', 'user02', '', 3, '2020-02-12 21:05:37', '2020-02-12 21:05:37');
INSERT INTO `users` VALUES (16, 'user03', '$2b$10$HVN7P9QnaLr78SQygyqHqOGlHnPqhT9BFZli5TOKdGBT44NBwFKKy', 'user03@gmail.com', 'user03', '', 3, '2020-02-12 21:16:37', '2020-02-12 21:16:37');
INSERT INTO `users` VALUES (18, 'user05', '$2b$10$1wXaBRF0jYwxE2nkUaXuP.6gofUEJa.VpfiWtu4xXMGXIze0b00oK', 'user05@gmail.com', 'user05', 'public/images/image-1581518530638.jpg', 3, '2020-02-12 21:20:56', '2020-02-12 21:42:10');
INSERT INTO `users` VALUES (19, 'user06', '$2b$10$jicUzYkbtTvVSX3EJzuG1.UOMbv8mtvi3qeqDnrmXlR4.i38TZOzO', 'user06@email.com', 'user06', '', 3, '2020-02-12 21:25:43', '2020-02-12 21:25:43');
INSERT INTO `users` VALUES (20, 'user00', '$2b$10$s/WueUiuq6n6Y9F2ogYZnu91QcgiCuIS5FHG1MRgv.DviTQa07RUu', 'user00@email.com', 'user00', '', 3, '2020-02-12 21:52:10', '2020-02-12 21:52:10');
INSERT INTO `users` VALUES (21, 'budi97', '$2b$10$R0h/Or6DtqzCiDvLI2X2X.pKpzAo/GuACWDniaYpYonUOzY3Ej8OW', 'budibudi@gmail.com', 'budi97', 'public/images/image-1581569895508.jpg', 3, '2020-02-13 11:54:20', '2020-02-13 11:58:15');
INSERT INTO `users` VALUES (22, 'guests', '$2b$10$1BMj7adnZQkwBPh90W0d9.RvXIClWOk446jijWA0Tdr.dxZh79ep2', 'guests@email.com', 'yusuf', 'public/images/image-1581579420284.jpg', 3, '2020-02-13 14:29:18', '2024-03-11 22:03:51');
INSERT INTO `users` VALUES (23, 'badmin', '$2b$10$XpLviAHseUzYzbJNVh0NNucFkD5j8Igm9JG7Bkvhi/f0J/VG9t24q', 'badmin@email.com', 'Badmin', '', 1, '2020-03-01 07:12:41', '2020-03-01 07:12:41');
INSERT INTO `users` VALUES (24, 'guests', '$2b$10$ht.E6L4v/wrs6F2mmikq9eauLzeXoyTcD8rookbZxBswq4nnCrUPe', 'guests@email.com', 'Guest', 'public/images/image-1581579420284.jpg', 1, '2024-03-10 11:12:13', '2024-03-11 22:06:32');

SET FOREIGN_KEY_CHECKS = 1;
